group,function,value,throughput_num,throughput_type,sample_measured_value,unit,iteration_count
Evm,call_hello,,1,elements,1488224.0,ns,38
Evm,call_hello,,1,elements,2583025.0,ns,76
Evm,call_hello,,1,elements,3732580.0,ns,114
Evm,call_hello,,1,elements,4983333.0,ns,152
Evm,call_hello,,1,elements,6225589.0,ns,190
Evm,call_hello,,1,elements,7405191.0,ns,228
Evm,call_hello,,1,elements,8663400.0,ns,266
Evm,call_hello,,1,elements,9988801.0,ns,304
Evm,call_hello,,1,elements,11183587.0,ns,342
Evm,call_hello,,1,elements,12380730.0,ns,380
Evm,call_hello,,1,elements,13696653.0,ns,418
Evm,call_hello,,1,elements,14978598.0,ns,456
Evm,call_hello,,1,elements,16193117.0,ns,494
Evm,call_hello,,1,elements,17429186.0,ns,532
Evm,call_hello,,1,elements,18699492.0,ns,570
Evm,call_hello,,1,elements,19859765.0,ns,608
Evm,call_hello,,1,elements,21087471.0,ns,646
Evm,call_hello,,1,elements,20875723.0,ns,684
Evm,call_hello,,1,elements,23213108.0,ns,722
Evm,call_hello,,1,elements,22673934.0,ns,760
Evm,call_hello,,1,elements,26046553.0,ns,798
Evm,call_hello,,1,elements,27346446.0,ns,836
Evm,call_hello,,1,elements,28457787.0,ns,874
Evm,call_hello,,1,elements,28760026.0,ns,912
Evm,call_hello,,1,elements,29670720.0,ns,950
Evm,call_hello,,1,elements,30056301.0,ns,988
Evm,call_hello,,1,elements,30793765.0,ns,1026
Evm,call_hello,,1,elements,33765573.0,ns,1064
Evm,call_hello,,1,elements,33690877.0,ns,1102
Evm,call_hello,,1,elements,33851853.0,ns,1140
Evm,call_hello,,1,elements,32072872.0,ns,1178
Evm,call_hello,,1,elements,33950782.0,ns,1216
Evm,call_hello,,1,elements,35841657.0,ns,1254
Evm,call_hello,,1,elements,36485096.0,ns,1292
Evm,call_hello,,1,elements,38061814.0,ns,1330
Evm,call_hello,,1,elements,36740984.0,ns,1368
Evm,call_hello,,1,elements,38126493.0,ns,1406
Evm,call_hello,,1,elements,39506400.0,ns,1444
Evm,call_hello,,1,elements,42291098.0,ns,1482
Evm,call_hello,,1,elements,40969758.0,ns,1520
Evm,call_hello,,1,elements,42260153.0,ns,1558
Evm,call_hello,,1,elements,42977342.0,ns,1596
Evm,call_hello,,1,elements,44611942.0,ns,1634
Evm,call_hello,,1,elements,44907538.0,ns,1672
Evm,call_hello,,1,elements,46605245.0,ns,1710
Evm,call_hello,,1,elements,46708183.0,ns,1748
Evm,call_hello,,1,elements,47893583.0,ns,1786
Evm,call_hello,,1,elements,48618203.0,ns,1824
Evm,call_hello,,1,elements,50074541.0,ns,1862
Evm,call_hello,,1,elements,50867135.0,ns,1900
Evm,call_hello,,1,elements,52060280.0,ns,1938
Evm,call_hello,,1,elements,54073723.0,ns,1976
Evm,call_hello,,1,elements,53635070.0,ns,2014
Evm,call_hello,,1,elements,54405502.0,ns,2052
Evm,call_hello,,1,elements,57055762.0,ns,2090
Evm,call_hello,,1,elements,56875781.0,ns,2128
Evm,call_hello,,1,elements,57366419.0,ns,2166
Evm,call_hello,,1,elements,58664868.0,ns,2204
Evm,call_hello,,1,elements,60652714.0,ns,2242
Evm,call_hello,,1,elements,60084399.0,ns,2280
Evm,call_hello,,1,elements,61763461.0,ns,2318
Evm,call_hello,,1,elements,62267039.0,ns,2356
Evm,call_hello,,1,elements,62731344.0,ns,2394
Evm,call_hello,,1,elements,64403902.0,ns,2432
Evm,call_hello,,1,elements,65255995.0,ns,2470
Evm,call_hello,,1,elements,66978450.0,ns,2508
Evm,call_hello,,1,elements,67031581.0,ns,2546
Evm,call_hello,,1,elements,69715361.0,ns,2584
Evm,call_hello,,1,elements,69331558.0,ns,2622
Evm,call_hello,,1,elements,71128584.0,ns,2660
Evm,call_hello,,1,elements,71364801.0,ns,2698
Evm,call_hello,,1,elements,72399740.0,ns,2736
Evm,call_hello,,1,elements,71807523.0,ns,2774
Evm,call_hello,,1,elements,74146027.0,ns,2812
Evm,call_hello,,1,elements,73995370.0,ns,2850
Evm,call_hello,,1,elements,76710493.0,ns,2888
Evm,call_hello,,1,elements,76569444.0,ns,2926
Evm,call_hello,,1,elements,77479108.0,ns,2964
Evm,call_hello,,1,elements,79874716.0,ns,3002
Evm,call_hello,,1,elements,79784563.0,ns,3040
Evm,call_hello,,1,elements,80608675.0,ns,3078
Evm,call_hello,,1,elements,81688832.0,ns,3116
Evm,call_hello,,1,elements,82462311.0,ns,3154
Evm,call_hello,,1,elements,83179868.0,ns,3192
Evm,call_hello,,1,elements,85795125.0,ns,3230
Evm,call_hello,,1,elements,84974398.0,ns,3268
Evm,call_hello,,1,elements,85243717.0,ns,3306
Evm,call_hello,,1,elements,88534544.0,ns,3344
Evm,call_hello,,1,elements,87753651.0,ns,3382
Evm,call_hello,,1,elements,89601764.0,ns,3420
Evm,call_hello,,1,elements,91395046.0,ns,3458
Evm,call_hello,,1,elements,92380801.0,ns,3496
Evm,call_hello,,1,elements,93573844.0,ns,3534
Evm,call_hello,,1,elements,93371798.0,ns,3572
Evm,call_hello,,1,elements,93874722.0,ns,3610
Evm,call_hello,,1,elements,95090345.0,ns,3648
Evm,call_hello,,1,elements,99484623.0,ns,3686
Evm,call_hello,,1,elements,98183735.0,ns,3724
Evm,call_hello,,1,elements,98994346.0,ns,3762
Evm,call_hello,,1,elements,101196478.0,ns,3800
